datetimestamp,temp,sal,station
2002-12-01,13.608510638297872,22.948936170212765,Pine Island
2003-01-01,12.039583333333333,20.19462365591398,Pine Island
2003-02-01,16.564523043944266,22.463129689174703,Pine Island
2003-03-01,19.766220735785954,13.509030100334448,Pine Island
2003-04-01,23.14326710816777,21.008159866777685,Pine Island
2003-05-01,27.582728494623655,31.460817477096548,Pine Island
2003-06-01,28.60472222222222,33.422847222222224,Pine Island
2003-07-01,29.21008064516129,32.64623655913979,Pine Island
2003-08-01,29.511559139784946,23.11606182795699,Pine Island
2003-09-01,28.26798611111111,28.27513888888889,Pine Island
2003-10-01,24.478629032258066,28.760752688172044,Pine Island
2003-11-01,22.27513888888889,29.814930555555556,Pine Island
2003-12-01,14.972513440860215,33.31505376344086,Pine Island
2004-01-01,14.46875,34.653360215053766,Pine Island
2004-02-01,15.080439121756488,31.122754491017965,Pine Island
2004-03-01,19.668274734260017,28.975551921504497,Pine Island
2004-04-01,22.13722222222222,32.44506944444444,Pine Island
2004-05-01,26.519959677419354,33.51937119675456,Pine Island
2004-06-01,29.003194444444443,34.41609195402299,Pine Island
2004-07-01,29.76659946236559,33.76110344827586,Pine Island
2004-08-01,28.786693548387095,28.80672043010753,Pine Island
2004-09-01,27.4425,17.044027777777778,Pine Island
2004-10-01,25.469758064516128,16.45712365591398,Pine Island
2004-11-01,21.426875,25.220902777777777,Pine Island
2004-12-01,15.347647849462366,26.15584677419355,Pine Island
2005-01-01,15.30907258064516,29.7,Pine Island
2005-02-01,15.393154761904762,30.284970238095237,Pine Island
2005-03-01,17.29072580645161,26.199932795698924,Pine Island
2005-04-01,21.222569444444446,23.276944444444446,Pine Island
2005-05-01,25.083131720430107,30.447715053763442,Pine Island
2005-06-01,28.41604166666667,32.03055555555556,Pine Island
2005-07-01,30.6565188172043,20.599193548387095,Pine Island
2005-08-01,31.02412634408602,24.795384615384616,Pine Island
2005-09-01,28.40951388888889,24.97888493475682,Pine Island
2005-10-01,25.0182123655914,16.12331989247312,Pine Island
2005-11-01,20.535486111111112,20.171944444444446,Pine Island
2005-12-01,13.712312633832976,18.456316916488223,Pine Island
2006-01-01,15.882056451612904,23.805443548387096,Pine Island
2006-02-01,15.59360119047619,24.252380952380953,Pine Island
2006-03-01,19.174193548387098,28.374327956989248,Pine Island
2006-04-01,23.53465277777778,33.17246248896734,Pine Island
2006-05-01,25.478494623655912,37.29485815602837,Pine Island
2006-06-01,28.468194444444446,37.13722222222222,Pine Island
2006-07-01,30.263709677419357,36.9233691164327,Pine Island
2006-08-01,30.242271505376344,37.889145907473306,Pine Island
2006-09-01,28.612430555555555,36.86120754716981,Pine Island
2006-10-01,24.346505376344087,38.36205571565802,Pine Island
2006-11-01,18.796666666666667,37.93358208955224,Pine Island
2006-12-01,18.03796889295517,38.89423604757548,Pine Island
2007-01-01,17.241375422773395,34.672453964674936,Pine Island
2007-02-01,15.338355654761905,32.73132440476191,Pine Island
2007-03-01,20.402654569892473,34.401205895489056,Pine Island
2007-04-01,21.630659722222223,37.295400943396224,Pine Island
2007-05-01,24.86139112903226,38.176948924731185,Pine Island
2007-06-01,28.1225,34.84461805555556,Pine Island
2007-07-01,29.338622754491016,36.25349794238683,Pine Island
2007-08-01,31.211290322580645,37.086497064579255,Pine Island
2007-09-01,28.59746527777778,30.534158838599488,Pine Island
2007-10-01,25.931888440860217,14.601881720430107,Pine Island
2007-11-01,19.469409722222224,23.942118055555557,Pine Island
2007-12-01,18.862903225806452,29.952788978494624,Pine Island
2008-01-01,15.168481182795698,32.789684139784946,Pine Island
2008-02-01,18.095905172413794,30.111135057471266,Pine Island
2008-03-01,19.526478494623657,27.0338373655914,Pine Island
2008-04-01,22.323888888888888,32.634930555555556,Pine Island
2008-05-01,25.46263440860215,36.377033271719036,Pine Island
2008-06-01,28.914583333333333,38.81815320041973,Pine Island
2008-07-01,29.336458333333333,36.30643109540636,Pine Island
2008-08-01,28.434375,24.996270161290322,Pine Island
2008-09-01,28.037708333333335,16.703194444444446,Pine Island
2008-10-01,24.034206989247313,21.29643817204301,Pine Island
2008-11-01,17.756979166666667,26.411527777777778,Pine Island
2008-12-01,17.136290322580646,30.846942204301076,Pine Island
2009-01-01,14.874764784946237,33.73420698924731,Pine Island
2009-02-01,15.211421130952381,31.88887648809524,Pine Island
2009-03-01,19.48709677419355,34.772244623655915,Pine Island
2009-04-01,22.248090277777777,27.639340277777777,Pine Island
2009-05-01,25.916666666666668,26.692842741935483,Pine Island
2009-06-01,29.387083333333333,14.91656541109761,Pine Island
2009-07-01,29.678494623655915,24.459879032258065,Pine Island
2009-08-01,30.147983870967742,23.438373655913978,Pine Island
2009-09-01,29.058854166666666,23.239375,Pine Island
2009-10-01,25.775705645161292,29.6690188172043,Pine Island
2009-11-01,20.908159722222223,34.26315972222222,Pine Island
2009-12-01,16.583602150537633,29.576478494623657,Pine Island
2010-01-01,11.691263440860215,27.631787634408603,Pine Island
2010-02-01,12.748697916666666,25.02998511904762,Pine Island
2010-03-01,16.01972446236559,26.999663978494624,Pine Island
2010-04-01,22.114075792730084,28.933488012374323,Pine Island
2010-05-01,28.02437106918239,35.45896226415094,Pine Island
2010-06-01,30.24454861111111,36.80972222222222,Pine Island
2010-07-01,30.735181451612902,37.51765437215085,Pine Island
2010-08-01,30.69657258064516,36.38242607526882,Pine Island
2010-09-01,29.086493055555554,37.57989583333333,Pine Island
2010-10-01,24.476646505376344,37.701512096774195,Pine Island
2010-11-01,20.02857638888889,38.37048611111111,Pine Island
2010-12-01,11.767876344086021,38.57842741935484,Pine Island
2011-01-01,12.080376344086021,36.61787634408602,Pine Island
2011-02-01,16.089769345238096,30.933816964285715,Pine Island
2011-03-01,20.081989247311828,34.74651567944251,Pine Island
2011-04-01,24.288645833333334,35.95735056542811,Pine Island
2011-05-01,26.137936827956988,38.29191011235955,Pine Island
2011-06-01,29.110104166666666,38.890149006622515,Pine Island
2011-07-01,29.756182795698926,36.9580309139785,Pine Island
2011-08-01,30.700739247311827,36.62994350282486,Pine Island
2011-09-01,28.854409722222222,35.933788546255506,Pine Island
2011-10-01,23.81135752688172,34.89849383842994,Pine Island
2011-11-01,19.603292770221906,35.9464935064935,Pine Island
2011-12-01,17.998865858427845,31.010598357450135,Pine Island
2012-01-01,15.93125,32.22698252688172,Pine Island
2012-02-01,17.72474856321839,36.254454022988504,Pine Island
2012-03-01,22.271673387096776,36.78918918918919,Pine Island
2012-04-01,23.528194444444445,38.21102880658436,Pine Island
2012-05-01,26.365961021505377,37.73718801996672,Pine Island
2012-06-01,27.15253472222222,24.59170138888889,Pine Island
2012-07-01,30.527923387096774,19.165087365591397,Pine Island
2012-08-01,28.560450268817203,20.25,Pine Island
2012-09-01,28.4825,21.361180555555556,Pine Island
2012-10-01,25.05383064516129,24.237466397849463,Pine Island
2012-11-01,17.65079861111111,32.33746928746929,Pine Island
2012-12-01,17.10426747311828,28.526478494623657,Pine Island
2013-01-01,17.314381720430106,28.70184811827957,Pine Island
2013-02-01,17.504947916666666,33.761607142857144,Pine Island
2013-03-01,17.162836021505377,33.670127688172045,Pine Island
2013-04-01,22.595347222222223,31.925451388888888,Pine Island
2013-05-01,25.154536290322582,18.335282258064517,Pine Island
2013-06-01,29.024965277777778,27.10375,Pine Island
2013-07-01,29.285315860215054,28.903026682596575,Pine Island
2013-08-01,30.482319499715747,29.15584642233857,Pine Island
2013-09-01,28.62226593233674,26.27445369406868,Pine Island
2013-10-01,24.843111559139786,24.573689516129033,Pine Island
2013-11-01,20.00465277777778,25.019444444444446,Pine Island
2013-12-01,17.955880376344087,26.963205645161292,Pine Island
2014-01-01,13.307358870967741,22.483770161290323,Pine Island
2014-02-01,15.75561755952381,22.946614583333332,Pine Island
2014-03-01,17.7315188172043,20.00329301075269,Pine Island
2014-04-01,22.71798611111111,20.75642361111111,Pine Island
2014-05-01,26.20836693548387,28.33956931359354,Pine Island
2014-06-01,28.739652777777778,34.33595177201315,Pine Island
2014-07-01,29.804872311827957,28.292693773824652,Pine Island
2014-08-01,30.043413978494623,26.472076612903226,Pine Island
2014-09-01,28.696145833333333,26.555482625482625,Pine Island
2014-10-01,25.096438172043012,22.04688946015424,Pine Island
2014-11-01,17.96701388888889,26.275590277777777,Pine Island
2014-12-01,16.78534946236559,23.939583333333335,Pine Island
2015-01-01,14.924260752688172,21.91019271948608,Pine Island
2015-02-01,14.140104166666667,22.635119047619046,Pine Island
2015-03-01,20.09331317204301,23.878729838709678,Pine Island
2015-04-01,24.524756944444444,28.655813953488373,Pine Island
2015-05-01,26.89915994623656,31.372543455125932,Pine Island
2015-06-01,29.642152777777778,33.8427060539752,Pine Island
2015-07-01,30.077486559139786,33.02394797245601,Pine Island
2015-08-01,29.982762096774195,28.583656276326874,Pine Island
2015-09-01,28.22625,14.693229166666667,Pine Island
2015-10-01,24.942420168067226,20.82349579831933,Pine Island
2015-11-01,23.672777777777778,25.66208333333333,Pine Island
2015-12-01,20.800604838709678,27.823790322580646,Pine Island
2016-01-01,15.118145161290323,29.120744458385612,Pine Island
2016-02-01,15.910452586206896,25.046156609195403,Pine Island
2016-03-01,21.17768817204301,28.372881996974282,Pine Island
2016-04-01,23.309756944444445,32.33046286329387,Pine Island
2016-05-01,26.533030913978493,33.9249910362137,Pine Island
2016-06-01,29.613125,31.060902777777777,Pine Island
2016-07-01,31.50383064516129,32.22138836772983,Pine Island
2016-08-01,30.444220430107528,37.438184726109554,Pine Island
2016-09-01,29.081979166666667,35.038295633876906,Pine Island
2016-10-01,25.171270161290323,21.30551567812618,Pine Island
2016-11-01,20.747743055555556,25.338090277777777,Pine Island
2016-12-01,18.99079301075269,26.19529569892473,Pine Island
2017-01-01,17.8872311827957,28.277159590043922,Pine Island
2017-02-01,18.891183035714285,32.20907738095238,Pine Island
2017-03-01,20.057762096774194,34.39587715607909,Pine Island
2017-04-01,24.508819444444445,34.180659722222224,Pine Island
2017-05-01,26.395497311827956,37.41225281116712,Pine Island
2017-06-01,28.62965277777778,30.41875,Pine Island
2017-07-01,30.46434811827957,23.387608596250573,Pine Island
2017-08-01,30.313810483870967,19.072244623655916,Pine Island
2017-09-01,28.405416666666667,14.261180555555555,Pine Island
2017-10-01,25.526344086021506,12.004805107526881,Pine Island
2017-11-01,20.386423611111113,17.174027777777777,Pine Island
2017-12-01,17.173991935483873,17.010987903225807,Pine Island
2018-01-01,9.859901960784313,21.102549019607842,Pine Island
2018-02-01,19.598639455782312,18.974414210128497,Pine Island
2018-03-01,18.665389784946235,28.650537634408604,Pine Island
2018-04-01,22.238506944444445,27.472708333333333,Pine Island
2018-05-01,26.264952956989248,27.983932773109245,Pine Island
2018-06-01,29.476041666666667,17.394861111111112,Pine Island
2018-07-01,29.842271505376345,17.572983870967743,Pine Island
2018-08-01,30.430174731182795,15.242674731182795,Pine Island
2018-09-01,30.440833333333334,22.053125,Pine Island
2018-10-01,26.461458333333333,27.990243902439026,Pine Island
2018-11-01,21.18423611111111,29.82065972222222,Pine Island
2018-12-01,16.32610887096774,19.1283938172043,Pine Island
2019-01-01,16.239650537634407,17.177463841237806,Pine Island
2019-02-01,18.170275297619046,18.187760416666666,Pine Island
2019-03-01,19.742674731182795,22.876209677419354,Pine Island
2019-04-01,23.654409722222223,27.083680555555556,Pine Island
2019-05-01,28.03306451612903,31.18694089456869,Pine Island
2019-06-01,29.441319444444446,34.378206136900076,Pine Island
2019-07-01,30.19260752688172,31.687869623655914,Pine Island
2019-08-01,30.24492607526882,28.02469135802469,Pine Island
2019-09-01,28.651006944444443,27.420555555555556,Pine Island
2019-10-01,26.519926075268817,27.154603494623657,Pine Island
2019-11-01,19.931944444444444,26.853229166666665,Pine Island
2019-12-01,17.866733870967742,25.568850806451614,Pine Island
2020-01-01,17.24136424731183,22.909411764705883,Pine Island
2020-02-01,17.40301724137931,26.908695652173915,Pine Island
2020-03-01,22.20611559139785,29.126335488261315,Pine Island
2020-04-01,23.962430555555557,31.565326855123676,Pine Island
2020-05-01,25.70967741935484,34.73348855258052,Pine Island
2020-06-01,28.684409722222224,25.987730274591588,Pine Island
2020-07-01,30.678797043010753,26.86039136302294,Pine Island
2020-08-01,30.351814516129032,24.031371889710826,Pine Island
2020-09-01,28.716597222222223,20.009756944444444,Pine Island
2020-10-01,26.33209005376344,18.338743279569893,Pine Island
2020-11-01,22.745694444444446,22.397881944444446,Pine Island
2020-12-01,15.686458333333334,20.490081521739132,Pine Island
2021-01-01,15.646370967741936,24.837256493506494,Pine Island
2021-02-01,17.020238095238096,17.483854166666667,Pine Island
2021-03-01,19.986088709677418,19.02073252688172,Pine Island
2021-04-01,22.415625,26.2778125,Pine Island
2021-05-01,25.966397849462364,29.77684811827957,Pine Island
2021-06-01,28.423541666666665,32.27229166666667,Pine Island
2021-07-01,29.64586693548387,21.127486559139786,Pine Island
2021-08-01,30.229032258064517,13.10779569892473,Pine Island
2021-09-01,28.541610738255034,15.872986577181209,Pine Island
2021-10-01,26.277280376977448,21.517300572197914,Pine Island
2021-11-01,18.702550663871417,23.652236198462614,Pine Island
2021-12-01,18.990255376344088,23.381518817204302,Pine Island
2022-01-01,15.932930107526882,27.15950940860215,Pine Island
2022-02-01,17.240364583333335,27.106026785714285,Pine Island
2022-03-01,21.03521505376344,22.1625,Pine Island
2022-04-01,23.5228125,21.77486111111111,Pine Island
2022-05-01,27.143682795698926,31.456048387096775,Pine Island
2022-06-01,29.947430555555556,36.31583333333333,Pine Island
2022-07-01,30.551579301075268,30.31774193548387,Pine Island
2022-08-01,30.844690860215053,28.002251344086023,Pine Island
2022-09-01,28.587222222222223,19.451909722222222,Pine Island
2022-10-01,23.59129704301075,17.823084677419356,Pine Island
2022-11-01,21.03048611111111,18.67267361111111,Pine Island
2022-12-01,17.275302419354837,21.06743951612903,Pine Island
2002-12-01,14.948936170212766,30.06808510638298,San Sebastian
2003-01-01,13.20081490104773,30.99569266589057,San Sebastian
2003-02-01,15.007228915662651,32.11656626506024,San Sebastian
2003-03-01,18.95806451612903,27.024731182795698,San Sebastian
2003-04-01,21.630694444444444,30.8192700729927,San Sebastian
2003-05-01,26.11048387096774,33.66149193548387,San Sebastian
2003-06-01,26.909791666666667,34.63236111111111,San Sebastian
2003-07-01,25.835416666666667,33.55188172043011,San Sebastian
2003-08-01,25.833669354838708,30.523252688172043,San Sebastian
2003-09-01,26.950208333333332,33.096666666666664,San Sebastian
2003-10-01,24.668145161290322,32.74690860215054,San Sebastian
2003-11-01,22.726111111111113,33.434375,San Sebastian
2003-12-01,16.29986559139785,34.426948924731185,San Sebastian
2004-01-01,14.713104838709677,34.63407258064516,San Sebastian
2004-02-01,14.330028735632183,32.92902298850575,San Sebastian
2004-03-01,17.542271505376345,32.24899193548387,San Sebastian
2004-04-01,21.23986111111111,34.52527777777778,San Sebastian
2004-05-01,25.422513440860214,35.59146505376344,San Sebastian
2004-06-01,25.862569444444443,35.22548611111111,San Sebastian
2004-07-01,27.15241935483871,34.89200268817204,San Sebastian
2004-08-01,28.231854838709676,31.981586021505375,San Sebastian
2004-09-01,27.124791666666667,27.665555555555557,San Sebastian
2004-10-01,25.584879032258065,30.32755376344086,San Sebastian
2004-11-01,21.971458333333334,33.259027777777774,San Sebastian
2004-12-01,16.510013440860217,33.141532258064515,San Sebastian
2005-01-01,15.068548387096774,32.92896505376344,San Sebastian
2005-02-01,13.836904761904762,32.964508928571426,San Sebastian
2005-03-01,16.20356182795699,32.495631720430104,San Sebastian
2005-04-01,20.042430555555555,31.580416666666668,San Sebastian
2005-05-01,23.83440860215054,33.532594086021504,San Sebastian
2005-06-01,27.320486111111112,32.659930555555555,San Sebastian
2005-07-01,29.1949694085656,32.057647858599594,San Sebastian
2005-08-01,30.464848484848485,34.44166666666667,San Sebastian
2005-09-01,28.20916666666667,32.14604166666667,San Sebastian
2005-10-01,25.59912634408602,30.093951612903226,San Sebastian
2005-11-01,20.131520395550062,31.59690976514215,San Sebastian
2005-12-01,16.039717741935483,31.084139784946238,San Sebastian
2006-01-01,16.022647849462366,32.04354838709678,San Sebastian
2006-02-01,15.679092261904762,31.688095238095237,San Sebastian
2006-03-01,18.144153225806452,33.12096774193548,San Sebastian
2006-04-01,21.98777777777778,34.69166666666667,San Sebastian
2006-05-01,24.74670698924731,36.47876344086021,San Sebastian
2006-06-01,27.863194444444446,36.17604166666667,San Sebastian
2006-07-01,29.791868279569893,36.66364247311828,San Sebastian
2006-08-01,28.807997311827958,36.110854092526694,San Sebastian
2006-09-01,28.435,35.661458333333336,San Sebastian
2006-10-01,24.85799731182796,37.75376344086021,San Sebastian
2006-11-01,19.64236111111111,36.96520833333334,San Sebastian
2006-12-01,17.641666666666666,35.019354838709674,San Sebastian
2007-01-01,17.157804704205276,34.535317177476834,San Sebastian
2007-02-01,15.339918154761905,31.821242697822623,San Sebastian
2007-03-01,19.614012096774193,33.958076634109695,San Sebastian
2007-04-01,21.062951388888887,35.39548148148148,San Sebastian
2007-05-01,24.284341397849463,36.276440922190204,San Sebastian
2007-06-01,27.483125,36.221805555555555,San Sebastian
2007-07-01,28.981254667662434,36.565738498789344,San Sebastian
2007-08-01,30.264852150537635,37.10740740740741,San Sebastian
2007-09-01,28.222743055555554,33.15020833333333,San Sebastian
2007-10-01,26.175806451612903,30.123420698924733,San Sebastian
2007-11-01,20.39969348659004,32.35563218390804,San Sebastian
2007-12-01,18.83489326765189,34.26034482758621,San Sebastian
2008-01-01,15.361659946236559,34.5929435483871,San Sebastian
2008-02-01,17.797916666666666,34.01950431034483,San Sebastian
2008-03-01,19.533232526881722,33.885114247311826,San Sebastian
2008-04-01,21.49986106286905,34.3841611670719,San Sebastian
2008-05-01,24.78988575268817,36.71730510752688,San Sebastian
2008-06-01,28.23563535911602,37.09944751381215,San Sebastian
2008-07-01,27.151898734177216,36.156575246132206,San Sebastian
2008-08-01,26.889415322580646,33.47745295698925,San Sebastian
2008-09-01,27.63246527777778,31.508958333333332,San Sebastian
2008-10-01,24.28921370967742,32.557426075268815,San Sebastian
2008-11-01,18.319409722222222,33.873333333333335,San Sebastian
2008-12-01,17.246337365591398,34.80648521505376,San Sebastian
2009-01-01,15.538104838709678,35.535080645161294,San Sebastian
2009-02-01,15.359784226190476,35.499665178571426,San Sebastian
2009-03-01,18.60171370967742,36.043850806451616,San Sebastian
2009-04-01,21.850381944444443,35.267291666666665,San Sebastian
2009-05-01,24.64996639784946,32.40413306451613,San Sebastian
2009-06-01,27.690416666666668,32.244930555555555,San Sebastian
2009-07-01,28.00698924731183,33.61260080645161,San Sebastian
2009-08-01,27.79290994623656,32.62956989247312,San Sebastian
2009-09-01,28.59920138888889,32.32451388888889,San Sebastian
2009-10-01,25.171003717472118,34.85520446096654,San Sebastian
2009-11-01,21.338715277777776,34.83857638888889,San Sebastian
2009-12-01,17.10740233036326,33.934372858122,San Sebastian
2010-01-01,12.00950940860215,33.55668682795699,San Sebastian
2010-02-01,12.502566964285714,33.297,San Sebastian
2010-03-01,15.116330645161291,33.5430086410055,San Sebastian
2010-04-01,21.017083333333332,34.7171875,San Sebastian
2010-05-01,25.866129032258065,34.965322580645164,San Sebastian
2010-06-01,27.42565972222222,36.22,San Sebastian
2010-07-01,28.11663306451613,35.55243697478991,San Sebastian
2010-08-01,28.798531810766722,35.83216326530612,San Sebastian
2010-09-01,27.967863475177307,36.16343085106383,San Sebastian
2010-10-01,24.351243279569893,36.62510924369748,San Sebastian
2010-11-01,20.452990517870166,36.60343065693431,San Sebastian
2010-12-01,13.275537634408602,36.60312920592194,San Sebastian
2011-01-01,11.920934139784947,35.95789650537635,San Sebastian
2011-02-01,14.378385416666667,34.37380952380953,San Sebastian
2011-03-01,18.52617607526882,35.509005376344085,San Sebastian
2011-04-01,21.723496346261946,36.05351320966835,San Sebastian
2011-05-01,26.69676616915423,36.99817578772802,San Sebastian
2011-06-01,27.918645833333333,36.84357638888889,San Sebastian
2011-07-01,27.539247311827957,36.34893449092344,San Sebastian
2011-08-01,28.506384408602152,35.817959372114494,San Sebastian
2011-09-01,28.5796875,36.32694444444444,San Sebastian
2011-10-01,24.24600134408602,35.88454301075269,San Sebastian
2011-11-01,20.00548611111111,35.753055555555555,San Sebastian
2011-12-01,17.864079301075268,35.01293682795699,San Sebastian
2012-01-01,16.795430107526883,35.613425925925924,San Sebastian
2012-02-01,17.49137931034483,35.71235632183908,San Sebastian
2012-03-01,21.003763440860215,36.01945564516129,San Sebastian
2012-04-01,23.132118055555555,36.51849511774842,San Sebastian
2012-05-01,25.771236559139783,37.05833333333333,San Sebastian
2012-06-01,26.941319444444446,34.6708398744113,San Sebastian
2012-07-01,28.890961021505376,34.6929435483871,San Sebastian
2012-08-01,26.501747899159664,33.172100840336135,San Sebastian
2012-09-01,27.52138888888889,32.82222222222222,San Sebastian
2012-10-01,25.311693548387098,33.32923387096774,San Sebastian
2012-11-01,18.362118055555555,34.77148175725986,San Sebastian
2012-12-01,17.130611559139783,34.598252688172046,San Sebastian
2013-01-01,16.72886424731183,34.752318548387095,San Sebastian
2013-02-01,17.470535714285713,35.73869047619048,San Sebastian
2013-03-01,17.382157258064517,36.21737231182796,San Sebastian
2013-04-01,21.143159722222222,33.922465277777775,San Sebastian
2013-05-01,23.816095430107527,29.69445564516129,San Sebastian
2013-06-01,27.58375,34.25541666666667,San Sebastian
2013-07-01,27.262836021505375,34.07844092570036,San Sebastian
2013-08-01,28.37100134408602,34.1082997311828,San Sebastian
2013-09-01,28.41402777777778,33.49951388888889,San Sebastian
2013-10-01,25.308530318602262,31.423603973963687,San Sebastian
2013-11-01,NA,NA,San Sebastian
2013-12-01,NA,NA,San Sebastian
2014-01-01,NA,NA,San Sebastian
2014-02-01,15.35357833655706,31.94956479690522,San Sebastian
2014-03-01,16.92738575268817,31.481552419354838,San Sebastian
2014-04-01,20.986527777777777,31.978738115816768,San Sebastian
2014-05-01,24.718595041322313,34.47120181405896,San Sebastian
2014-06-01,28.343832153690595,36.74791449426486,San Sebastian
2014-07-01,29.399932773109242,34.35263865546219,San Sebastian
2014-08-01,29.575399889685603,33.620027341079975,San Sebastian
2014-09-01,28.17714899713467,34.45316117542298,San Sebastian
2014-10-01,25.494244604316545,31.712452025586355,San Sebastian
2014-11-01,19.031493055555554,32.42475694444445,San Sebastian
2014-12-01,17.062701612903226,31.939583333333335,San Sebastian
2015-01-01,15.082829301075268,31.415793010752687,San Sebastian
2015-02-01,14.12293501048218,31.489350104821803,San Sebastian
2015-03-01,17.93135080645161,30.689448924731185,San Sebastian
2015-04-01,22.10829861111111,31.176018808777428,San Sebastian
2015-05-01,25.222869242985706,31.01483790523691,San Sebastian
2015-06-01,28.394236111111113,34.036974789915966,San Sebastian
2015-07-01,26.96173076923077,34.94740384615385,San Sebastian
2015-08-01,29.14074074074074,34.91815181518152,San Sebastian
2015-09-01,28.169722222222223,30.5023068857043,San Sebastian
2015-10-01,24.94418682795699,32.26145833333333,San Sebastian
2015-11-01,23.5765625,33.016979166666665,San Sebastian
2015-12-01,20.32143817204301,31.783467741935485,San Sebastian
2016-01-01,15.787600806451612,32.45031315240084,San Sebastian
2016-02-01,15.556645114942528,31.72155172413793,San Sebastian
2016-03-01,19.81960865945046,32.979966471081305,San Sebastian
2016-04-01,22.461931226120182,33.18829098156453,San Sebastian
2016-05-01,25.558991596638656,33.83021848739496,San Sebastian
2016-06-01,28.99986106286905,34.08759986106287,San Sebastian
2016-07-01,30.833669354838708,35.72842741935484,San Sebastian
2016-08-01,28.967540322580646,36.27123655913979,San Sebastian
2016-09-01,28.904791666666668,34.646302561623976,San Sebastian
2016-10-01,25.23921370967742,31.423888091822096,San Sebastian
2016-11-01,21.31062869051754,32.609308787773536,San Sebastian
2016-12-01,18.826545698924733,33.771270161290325,San Sebastian
2017-01-01,17.880544354838708,34.16507447354905,San Sebastian
2017-02-01,18.936904761904763,35.36708860759494,San Sebastian
2017-03-01,19.534756302521007,34.81163025210084,San Sebastian
2017-04-01,23.6784375,35.750972222222224,San Sebastian
2017-05-01,26.04136424731183,37.332795698924734,San Sebastian
2017-06-01,27.46367119470568,35.58174851967956,San Sebastian
2017-07-01,28.151881720430108,34.9252688172043,San Sebastian
2017-08-01,29.05426747311828,34.337970430107525,San Sebastian
2017-09-01,28.34944367176634,29.149547983310153,San Sebastian
2017-10-01,25.70967741935484,26.204569892473117,San Sebastian
2017-11-01,21.028020833333333,29.90802083333333,San Sebastian
2017-12-01,17.808131720430108,30.053931451612904,San Sebastian
2018-01-01,11.1935546875,32.1765625,San Sebastian
2018-02-01,NA,NA,San Sebastian
2018-03-01,17.690493676050593,33.589188086495305,San Sebastian
2018-04-01,20.732465277777777,33.31777777777778,San Sebastian
2018-05-01,25.330174731182797,33.24902553763441,San Sebastian
2018-06-01,28.335833333333333,31.559895833333332,San Sebastian
2018-07-01,28.985987903225805,32.74512768817204,San Sebastian
2018-08-01,28.759879032258066,32.6549092131809,San Sebastian
2018-09-01,29.927777777777777,33.910875608061154,San Sebastian
2018-10-01,26.92997311827957,34.54472446236559,San Sebastian
2018-11-01,22.033402777777777,33.8140625,San Sebastian
2018-12-01,17.032997311827955,30.20893817204301,San Sebastian
2019-01-01,16.28578629032258,30.29388440860215,San Sebastian
2019-02-01,16.6948641607741,28.13516933382955,San Sebastian
2019-03-01,18.585147849462366,30.261571489909834,San Sebastian
2019-04-01,22.456458333333334,32.30770833333333,San Sebastian
2019-05-01,27.420827770360482,35.2469069870939,San Sebastian
2019-06-01,28.273229166666667,35.28857638888889,San Sebastian
2019-07-01,28.604032258064517,34.62258064516129,San Sebastian
2019-08-01,29.381451612903227,33.92090053763441,San Sebastian
2019-09-01,28.494409722222223,34.14043070510594,San Sebastian
2019-10-01,26.70540994623656,34.336865119408,San Sebastian
2019-11-01,20.500486111111112,33.76560111188325,San Sebastian
2019-12-01,18.06219758064516,33.67943548387097,San Sebastian
2020-01-01,17.003057795698926,32.82570564516129,San Sebastian
2020-02-01,16.763218390804596,33.36505028735632,San Sebastian
2020-03-01,20.485853494623655,32.96161344537815,San Sebastian
2020-04-01,22.465381944444445,32.878055555555555,San Sebastian
2020-05-01,24.88807123655914,34.67697478991597,San Sebastian
2020-06-01,27.931015299026427,33.73517938000697,San Sebastian
2020-07-01,29.92315188172043,35.174713804713804,San Sebastian
2020-08-01,29.923319892473117,34.26710393541877,San Sebastian
2020-09-01,28.756944444444443,32.2894060437652,San Sebastian
2020-10-01,26.382627688172043,30.358030913978496,San Sebastian
2020-11-01,22.837256944444444,31.24313997915943,San Sebastian
2020-12-01,17.009778225806453,31.67404169468729,San Sebastian
2021-01-01,15.722043010752689,32.67046370967742,San Sebastian
2021-02-01,16.34501488095238,30.557626488095238,San Sebastian
2021-03-01,18.00537634408602,30.892103494623655,San Sebastian
2021-04-01,20.973854166666666,32.51725694444445,San Sebastian
2021-05-01,24.812029569892474,33.60299059139785,San Sebastian
2021-06-01,27.67857638888889,34.16746527777778,San Sebastian
2021-07-01,28.818111559139783,33.2283938172043,San Sebastian
2021-08-01,29.366129032258065,31.687298387096774,San Sebastian
2021-09-01,28.41482638888889,32.25798611111111,San Sebastian
2021-10-01,26.596975806451614,32.503797043010756,San Sebastian
2021-11-01,19.55170138888889,31.357465277777777,San Sebastian
2021-12-01,19.094690860215053,31.946404569892472,San Sebastian
2022-01-01,16.720833333333335,33.302385752688174,San Sebastian
2022-02-01,16.224776785714287,32.46469494047619,San Sebastian
2022-03-01,19.723655913978494,31.389583333333334,San Sebastian
2022-04-01,23.160763888888887,33.30618055555556,San Sebastian
2022-05-01,26.24371639784946,35.51008064516129,San Sebastian
2022-06-01,29.273194444444446,36.25523520485584,San Sebastian
2022-07-01,30.000100806451613,34.81337579617834,San Sebastian
2022-08-01,29.504502688172042,34.66297043010753,San Sebastian
2022-09-01,28.646180555555556,32.491840277777776,San Sebastian
2022-10-01,24.042305107526882,30.169657258064515,San Sebastian
2022-11-01,21.163159722222222,31.03826388888889,San Sebastian
2022-12-01,17.850470430107528,32.71777553763441,San Sebastian
2002-12-01,16.229787234042554,31.361702127659573,Fort Matanzas
2003-01-01,13.26404569892473,32.00127688172043,Fort Matanzas
2003-02-01,15.16904761904762,33.18028273809524,Fort Matanzas
2003-03-01,18.97573924731183,27.61404569892473,Fort Matanzas
2003-04-01,21.910069444444446,31.516831683168316,Fort Matanzas
2003-05-01,26.111895161290324,33.85611559139785,Fort Matanzas
2003-06-01,26.456805555555555,34.804097222222225,Fort Matanzas
2003-07-01,24.805846774193547,34.17883064516129,Fort Matanzas
2003-08-01,25.758198924731182,31.599596774193547,Fort Matanzas
2003-09-01,26.954583333333332,33.96618055555555,Fort Matanzas
2003-10-01,24.841666666666665,33.207661290322584,Fort Matanzas
2003-11-01,22.890833333333333,33.19722222222222,Fort Matanzas
2003-12-01,16.6997311827957,34.83891129032258,Fort Matanzas
2004-01-01,15.024678111587983,35.27904148783977,Fort Matanzas
2004-02-01,14.478886925795052,32.85185512367491,Fort Matanzas
2004-03-01,17.82161480235492,32.552565180824224,Fort Matanzas
2004-04-01,21.125625,35.234027777777776,Fort Matanzas
2004-05-01,24.929435483870968,36.20255376344086,Fort Matanzas
2004-06-01,25.476025017373175,35.35357887421821,Fort Matanzas
2004-07-01,27.241666666666667,35.55806451612903,Fort Matanzas
2004-08-01,28.30497311827957,31.15456989247312,Fort Matanzas
2004-09-01,27.32298611111111,26.378958333333333,Fort Matanzas
2004-10-01,25.5684811827957,31.726209677419355,Fort Matanzas
2004-11-01,21.95201388888889,33.67131944444444,Fort Matanzas
2004-12-01,16.695228494623656,34.56458333333333,Fort Matanzas
2005-01-01,16.025806451612905,33.08649193548387,Fort Matanzas
2005-02-01,14.655527426160338,33.022700421940925,Fort Matanzas
2005-03-01,16.98075980392157,32.68051470588235,Fort Matanzas
2005-04-01,20.373680555555556,32.288402777777776,Fort Matanzas
2005-05-01,24.071908602150536,33.799193548387095,Fort Matanzas
2005-06-01,27.325625,31.912777777777777,Fort Matanzas
2005-07-01,29.11027397260274,31.89185692541857,Fort Matanzas
2005-08-01,30.236424731182797,35.57143817204301,Fort Matanzas
2005-09-01,28.09722222222222,33.79333333333334,Fort Matanzas
2005-10-01,25.436290322580646,31.311290322580646,Fort Matanzas
2005-11-01,21.202569444444446,31.61951388888889,Fort Matanzas
2005-12-01,16.261290322580646,32.05430107526882,Fort Matanzas
2006-01-01,16.343010752688173,33.0317876344086,Fort Matanzas
2006-02-01,16.090625,32.81041666666667,Fort Matanzas
2006-03-01,19.091123066577,33.768661735036986,Fort Matanzas
2006-04-01,22.14638888888889,35.64326388888889,Fort Matanzas
2006-05-01,24.885752688172044,36.88138440860215,Fort Matanzas
2006-06-01,27.683958333333333,35.952777777777776,Fort Matanzas
2006-07-01,29.675869120654397,36.35739247311828,Fort Matanzas
2006-08-01,28.200806451612902,35.95840053763441,Fort Matanzas
2006-09-01,28.25840277777778,35.95583333333333,Fort Matanzas
2006-10-01,24.909139784946237,36.538212634822806,Fort Matanzas
2006-11-01,21.243362831858406,36.795138888888886,Fort Matanzas
2006-12-01,17.41641452344932,35.2869623655914,Fort Matanzas
2007-01-01,17.16059649122807,35.92494736842105,Fort Matanzas
2007-02-01,15.589769345238095,33.83515625,Fort Matanzas
2007-03-01,19.59700940860215,35.464213709677416,Fort Matanzas
2007-04-01,21.13104166666667,36.333645833333335,Fort Matanzas
2007-05-01,24.25641801075269,36.564818548387095,Fort Matanzas
2007-06-01,27.4171875,36.61524305555555,Fort Matanzas
2007-07-01,28.840255376344086,36.29163306451613,Fort Matanzas
2007-08-01,29.886895161290322,36.55508675078865,Fort Matanzas
2007-09-01,27.920694444444443,33.54642361111111,Fort Matanzas
2007-10-01,25.825873655913977,33.284845430107524,Fort Matanzas
2007-11-01,19.545416666666668,34.32409722222222,Fort Matanzas
2007-12-01,16.728579205225913,34.799673380511706,Fort Matanzas
2008-01-01,15.855597543693907,34.812092583845065,Fort Matanzas
2008-02-01,18.71463963963964,35.330705705705704,Fort Matanzas
2008-03-01,20.1146998982706,35.773346897253305,Fort Matanzas
2008-04-01,21.535451388888887,35.394756944444445,Fort Matanzas
2008-05-01,24.752318548387098,37.046875,Fort Matanzas
2008-06-01,27.193958333333335,36.96232638888889,Fort Matanzas
2008-07-01,26.2372311827957,36.226075268817205,Fort Matanzas
2008-08-01,26.806370070778563,36.02173913043478,Fort Matanzas
2008-09-01,25.761917808219177,32.336438356164386,Fort Matanzas
2008-10-01,24.140625,33.92235487855084,Fort Matanzas
2008-11-01,18.345625,35.75454861111111,Fort Matanzas
2008-12-01,17.31633064516129,36.00319220430107,Fort Matanzas
2009-01-01,15.808198924731183,35.51448252688172,Fort Matanzas
2009-02-01,15.589583333333334,36.45078125,Fort Matanzas
2009-03-01,18.763306451612902,36.69018817204301,Fort Matanzas
2009-04-01,21.906145833333333,36.67388888888889,Fort Matanzas
2009-05-01,24.365759408602152,31.979166666666668,Fort Matanzas
2009-06-01,27.63652777777778,32.15579861111111,Fort Matanzas
2009-07-01,27.501176075268816,34.683266129032255,Fort Matanzas
2009-08-01,27.47930107526882,31.426176075268817,Fort Matanzas
2009-09-01,28.5190625,32.043506944444445,Fort Matanzas
2009-10-01,26.117540322580645,35.06085349462366,Fort Matanzas
2009-11-01,21.436215277777777,35.29239583333333,Fort Matanzas
2009-12-01,17.27755376344086,34.44239726027397,Fort Matanzas
2010-01-01,12.381989247311829,32.77276330690827,Fort Matanzas
2010-02-01,13.032311435523114,32.065839416058395,Fort Matanzas
2010-03-01,15.143077956989247,33.616268907563025,Fort Matanzas
2010-04-01,20.969791666666666,34.492604166666666,Fort Matanzas
2010-05-01,25.620295698924732,35.34500637484063,Fort Matanzas
2010-06-01,26.797326388888887,36.53207729468599,Fort Matanzas
2010-07-01,27.841565860215052,35.97059811827957,Fort Matanzas
2010-08-01,28.173756720430106,36.445530913978494,Fort Matanzas
2010-09-01,28.106597222222224,36.615833333333335,Fort Matanzas
2010-10-01,24.699798387096774,36.833501344086024,Fort Matanzas
2010-11-01,20.756006944444444,36.63829861111111,Fort Matanzas
2010-12-01,13.233299731182795,36.725,Fort Matanzas
2011-01-01,12.231283602150537,35.86465053763441,Fort Matanzas
2011-02-01,14.57875744047619,34.951376488095235,Fort Matanzas
2011-03-01,18.60510752688172,36.34959677419355,Fort Matanzas
2011-04-01,22.691041666666667,36.572291666666665,Fort Matanzas
2011-05-01,25.069926075268818,37.54889344262295,Fort Matanzas
2011-06-01,27.242569444444445,37.04901408450704,Fort Matanzas
2011-07-01,27.275369623655912,36.67006048387097,Fort Matanzas
2011-08-01,28.343817204301075,36.78057795698925,Fort Matanzas
2011-09-01,28.57777777777778,37.22674418604651,Fort Matanzas
2011-10-01,24.08027553763441,36.42944,Fort Matanzas
2011-11-01,20.13532476554359,36.19349519010536,Fort Matanzas
2011-12-01,17.81569390402075,34.398227410289664,Fort Matanzas
2012-01-01,17.269837674594186,36.019128065395094,Fort Matanzas
2012-02-01,17.69328304597701,36.12580213903743,Fort Matanzas
2012-03-01,21.397584212317113,36.47250765566519,Fort Matanzas
2012-04-01,23.28152777777778,37.358472222222225,Fort Matanzas
2012-05-01,25.81579301075269,37.53887337057728,Fort Matanzas
2012-06-01,27.028541666666666,34.572141453831044,Fort Matanzas
2012-07-01,28.35386424731183,34.98907930107527,Fort Matanzas
2012-08-01,26.162298387096776,33.670127688172045,Fort Matanzas
2012-09-01,27.463819444444443,33.541805555555555,Fort Matanzas
2012-10-01,25.22746218487395,34.15216806722689,Fort Matanzas
2012-11-01,18.51732638888889,35.44524305555556,Fort Matanzas
2012-12-01,17.312533602150538,35.213892168437624,Fort Matanzas
2013-01-01,17.0458487394958,35.382723483094026,Fort Matanzas
2013-02-01,17.708370535714284,36.43705357142857,Fort Matanzas
2013-03-01,17.413743279569893,37.0414314516129,Fort Matanzas
2013-04-01,21.45954861111111,34.58347222222222,Fort Matanzas
2013-05-01,24.052889784946238,32.973125,Fort Matanzas
2013-06-01,26.959421312632323,33.72589978828511,Fort Matanzas
2013-07-01,26.787836021505377,33.59220430107527,Fort Matanzas
2013-08-01,28.17530241935484,33.90833333333333,Fort Matanzas
2013-09-01,28.09920138888889,33.72784722222222,Fort Matanzas
2013-10-01,25.29180107526882,31.608770161290323,Fort Matanzas
2013-11-01,20.310347222222223,33.26128472222222,Fort Matanzas
2013-12-01,18.050336021505377,33.332627688172046,Fort Matanzas
2014-01-01,13.930409946236558,33.43370295698925,Fort Matanzas
2014-02-01,15.67842261904762,32.18039434523809,Fort Matanzas
2014-03-01,17.344119623655914,32.30302419354839,Fort Matanzas
2014-04-01,21.275069444444444,33.63781163434903,Fort Matanzas
2014-05-01,25.331619623655914,33.961339165545084,Fort Matanzas
2014-06-01,28.025842306356374,36.0903438693991,Fort Matanzas
2014-07-01,29.350100806451614,34.71331592689295,Fort Matanzas
2014-08-01,28.72399193548387,34.210987903225806,Fort Matanzas
2014-09-01,28.139722222222222,32.697093690248565,Fort Matanzas
2014-10-01,25.487163978494625,30.606485215053763,Fort Matanzas
2014-11-01,19.041354166666668,33.04638888888889,Fort Matanzas
2014-12-01,17.40581317204301,32.54586693548387,Fort Matanzas
2015-01-01,15.513019169329073,32.10403354632588,Fort Matanzas
2015-02-01,14.327827380952382,32.218377976190474,Fort Matanzas
2015-03-01,18.09277553763441,31.581385542168675,Fort Matanzas
2015-04-01,22.326944444444443,31.932291666666668,Fort Matanzas
2015-05-01,25.325067204301074,32.709263657957244,Fort Matanzas
2015-06-01,27.781643132220797,33.91470991320237,Fort Matanzas
2015-07-01,27.126512096774192,35.04731543624161,Fort Matanzas
2015-08-01,28.748353494623657,34.50985810306199,Fort Matanzas
2015-09-01,28.128958333333333,32.193655341792876,Fort Matanzas
2015-10-01,24.973521505376343,33.67483198924731,Fort Matanzas
2015-11-01,23.658715277777777,34.141527777777775,Fort Matanzas
2015-12-01,20.493514784946235,32.61135752688172,Fort Matanzas
2016-01-01,15.90043682795699,32.424452749599574,Fort Matanzas
2016-02-01,15.803377650017966,32.64882218844985,Fort Matanzas
2016-03-01,20.118957983193276,34.151336531871145,Fort Matanzas
2016-04-01,22.519756944444445,33.8875,Fort Matanzas
2016-05-01,25.638373655913977,34.698588709677416,Fort Matanzas
2016-06-01,28.961180555555554,34.876805555555556,Fort Matanzas
2016-07-01,30.56730510752688,36.30125078173859,Fort Matanzas
2016-08-01,28.672043010752688,36.1309811827957,Fort Matanzas
2016-09-01,28.831944444444446,35.91539206195547,Fort Matanzas
2016-10-01,25.256216397849464,33.929508196721315,Fort Matanzas
2016-11-01,21.381944444444443,33.306423611111114,Fort Matanzas
2016-12-01,18.963978494623657,34.0252688172043,Fort Matanzas
2017-01-01,17.953057795698925,34.61574202496533,Fort Matanzas
2017-02-01,19.112313988095238,35.83764880952381,Fort Matanzas
2017-03-01,19.602049731182795,35.20564516129032,Fort Matanzas
2017-04-01,23.534479166666667,36.40611111111111,Fort Matanzas
2017-05-01,25.808971774193548,37.05352822580645,Fort Matanzas
2017-06-01,26.987430555555555,35.76067326732673,Fort Matanzas
2017-07-01,27.49576612903226,35.72531340405015,Fort Matanzas
2017-08-01,28.870833333333334,34.98575268817204,Fort Matanzas
2017-09-01,28.327708333333334,30.109444444444446,Fort Matanzas
2017-10-01,25.49546370967742,26.470732526881722,Fort Matanzas
2017-11-01,21.199930555555557,30.687361111111112,Fort Matanzas
2017-12-01,18.137029569892473,31.38578629032258,Fort Matanzas
2018-01-01,11.420236920039487,32.993484698914116,Fort Matanzas
2018-02-01,17.389162561576356,32.33361121636984,Fort Matanzas
2018-03-01,17.922289562289563,33.95023569023569,Fort Matanzas
2018-04-01,20.802465277777777,33.28149305555556,Fort Matanzas
2018-05-01,25.149932795698923,33.26475134408602,Fort Matanzas
2018-06-01,27.911805555555556,30.244895833333334,Fort Matanzas
2018-07-01,28.632560483870968,33.55749327956989,Fort Matanzas
2018-08-01,28.354084033613447,31.801781512605043,Fort Matanzas
2018-09-01,29.634097222222223,34.86016884113584,Fort Matanzas
2018-10-01,26.706485215053764,34.451915322580646,Fort Matanzas
2018-11-01,21.925625,34.07111111111111,Fort Matanzas
2018-12-01,17.242708333333333,30.849227150537633,Fort Matanzas
2019-01-01,16.172647849462365,31.171841397849462,Fort Matanzas
2019-02-01,16.72061011904762,29.069456845238097,Fort Matanzas
2019-03-01,18.642842741935485,30.8377688172043,Fort Matanzas
2019-04-01,22.523055555555555,32.82378472222222,Fort Matanzas
2019-05-01,26.98763440860215,35.546404569892474,Fort Matanzas
2019-06-01,27.801841556636553,35.08857035081102,Fort Matanzas
2019-07-01,28.334922458357266,34.35232624928202,Fort Matanzas
2019-08-01,29.126310483870967,34.03054901960785,Fort Matanzas
2019-09-01,28.334409722222222,34.39975694444445,Fort Matanzas
2019-10-01,26.668380376344086,34.599330357142854,Fort Matanzas
2019-11-01,20.821979166666665,34.365279704114656,Fort Matanzas
2019-12-01,18.312533602150538,34.3135752688172,Fort Matanzas
2020-01-01,17.165524193548386,33.881048387096776,Fort Matanzas
2020-02-01,17.066594827586208,33.93886494252874,Fort Matanzas
2020-03-01,20.616935483870968,33.852870639534885,Fort Matanzas
2020-04-01,22.515625,33.43181660298715,Fort Matanzas
2020-05-01,24.817775537634407,34.71909885675858,Fort Matanzas
2020-06-01,27.947881944444443,34.55864347826087,Fort Matanzas
2020-07-01,29.50127688172043,35.17128912823965,Fort Matanzas
2020-08-01,29.69603494623656,34.083249243188696,Fort Matanzas
2020-09-01,28.772777777777776,32.27620701632511,Fort Matanzas
2020-10-01,26.46676757484023,31.30827447023209,Fort Matanzas
2020-11-01,22.909930555555555,31.74829861111111,Fort Matanzas
2020-12-01,17.160584677419354,32.75137768817204,Fort Matanzas
2021-01-01,15.883266129032258,33.49569892473118,Fort Matanzas
2021-02-01,16.389136904761905,31.445870535714285,Fort Matanzas
2021-03-01,18.307493279569893,31.652184139784946,Fort Matanzas
2021-04-01,21.136354166666667,32.77822916666667,Fort Matanzas
2021-05-01,24.93635752688172,33.771807795698926,Fort Matanzas
2021-06-01,27.660972222222224,34.501356993736955,Fort Matanzas
2021-07-01,28.6411626344086,34.030619111709285,Fort Matanzas
2021-08-01,29.129368279569892,33.2506218487395,Fort Matanzas
2021-09-01,28.22277777777778,33.54852379298367,Fort Matanzas
2021-10-01,26.50154569892473,33.76673387096774,Fort Matanzas
2021-11-01,19.57753472222222,32.21482638888889,Fort Matanzas
2021-12-01,19.30211693548387,32.59247311827957,Fort Matanzas
2022-01-01,16.608770161290323,33.674327956989245,Fort Matanzas
2022-02-01,16.40625,33.04962797619048,Fort Matanzas
2022-03-01,19.64546370967742,32.06293682795699,Fort Matanzas
2022-04-01,23.234618055555554,32.82472222222222,Fort Matanzas
2022-05-01,26.24049059139785,35.30013440860215,Fort Matanzas
2022-06-01,29.145590277777778,36.050868055555554,Fort Matanzas
2022-07-01,29.66945564516129,34.47291666666667,Fort Matanzas
2022-08-01,29.236491935483873,35.2192268907563,Fort Matanzas
2022-09-01,28.539305555555554,33.534444444444446,Fort Matanzas
2022-10-01,24.015658602150538,30.397244623655915,Fort Matanzas
2022-11-01,21.166631944444443,31.226458333333333,Fort Matanzas
2022-12-01,17.86158770806658,34.00102432778489,Fort Matanzas
2002-12-01,11.8,0.4553191489361702,Pellicer Creek
2003-01-01,11.77399193548387,7.123521505376344,Pellicer Creek
2003-02-01,16.463839285714286,7.381696428571429,Pellicer Creek
2003-03-01,20.61760752688172,1.4336693548387096,Pellicer Creek
2003-04-01,23.155277777777776,8.6189583333333335,Pellicer Creek
2003-05-01,28.481048387096774,17.399059139784946,Pellicer Creek
2003-06-01,29.351875,18.622083333333332,Pellicer Creek
2003-07-01,30.144489247311828,15.193279569892473,Pellicer Creek
2003-08-01,28.014314516129033,1.809744623655914,Pellicer Creek
2003-09-01,28.19875,13.955902777777778,Pellicer Creek
2003-10-01,24.26975806451613,10.669086021505377,Pellicer Creek
2003-11-01,22.193606671299513,13.120291869353718,Pellicer Creek
2003-12-01,15.198051075268816,16.853293010752687,Pellicer Creek
2004-01-01,15.336155913978494,20.413844086021506,Pellicer Creek
2004-02-01,15.961278735632185,8.831537356321839,Pellicer Creek
2004-03-01,19.55141129032258,5.423319892473119,Pellicer Creek
2004-04-01,22.671932299012695,17.731382228490833,Pellicer Creek
2004-05-01,28.620224719101124,19.228539325842696,Pellicer Creek
2004-06-01,30.156623586429724,22.013489499192247,Pellicer Creek
2004-07-01,30.181421319796954,9.691269035532995,Pellicer Creek
2004-08-01,27.70188172043011,5.328965053763441,Pellicer Creek
2004-09-01,26.514305555555556,1.8052083333333333,Pellicer Creek
2004-10-01,24.51317204301075,7.603561827956989,Pellicer Creek
2004-11-01,21.46375,14.836319444444445,Pellicer Creek
2004-12-01,15.754301075268817,16.868212365591397,Pellicer Creek
2005-01-01,16.154301075268815,16.84415322580645,Pellicer Creek
2005-02-01,16.132886904761904,17.411458333333332,Pellicer Creek
2005-03-01,17.914852150537634,8.757459677419355,Pellicer Creek
2005-04-01,21.089861111111112,6.7820833333333335,Pellicer Creek
2005-05-01,25.18420698924731,10.382325268817205,Pellicer Creek
2005-06-01,27.179166666666667,2.5344444444444445,Pellicer Creek
2005-07-01,29.473319892473118,3.991935483870968,Pellicer Creek
2005-08-01,30.41310483870968,10.088642473118279,Pellicer Creek
2005-09-01,28.10673611111111,10.330069444444444,Pellicer Creek
2005-10-01,24.077956989247312,8.234677419354838,Pellicer Creek
2005-11-01,20.536319444444445,9.622847222222223,Pellicer Creek
2005-12-01,14.852419354838709,7.170698924731183,Pellicer Creek
2006-01-01,16.254502688172042,13.786827956989248,Pellicer Creek
2006-02-01,15.33891369047619,6.52016369047619,Pellicer Creek
2006-03-01,19.618615591397848,12.462163978494624,Pellicer Creek
2006-04-01,24.624930555555554,20.77145833333333,Pellicer Creek
2006-05-01,26.63595430107527,26.3309811827957,Pellicer Creek
2006-06-01,29.532258064516128,21.418038183015142,Pellicer Creek
2006-07-01,31.521299462628235,20.536492427943333,Pellicer Creek
2006-08-01,31.064616935483873,23.290978223297614,Pellicer Creek
2006-09-01,28.92503472222222,22.90190972222222,Pellicer Creek
2006-10-01,24.389751344086022,27.529200268817203,Pellicer Creek
2006-11-01,18.771527777777777,26.71576388888889,Pellicer Creek
2006-12-01,18.82768817204301,23.1846438172043,Pellicer Creek
2007-01-01,17.94023569023569,20.622525252525254,Pellicer Creek
2007-02-01,16.25215773809524,10.567001488095238,Pellicer Creek
2007-03-01,20.960719086021506,11.015591397849462,Pellicer Creek
2007-04-01,22.622569444444444,20.342916666666667,Pellicer Creek
2007-05-01,25.626948924731185,27.099294354838708,Pellicer Creek
2007-06-01,29.220277777777778,23.071770833333332,Pellicer Creek
2007-07-01,30.16959005376344,16.855073924731183,Pellicer Creek
2007-08-01,31.899630376344085,19.654032258064515,Pellicer Creek
2007-09-01,28.190760667903525,15.740333951762523,Pellicer Creek
2007-10-01,25.71817876344086,10.94049059139785,Pellicer Creek
2007-11-01,19.760520833333334,15.64232638888889,Pellicer Creek
2007-12-01,19.197244623655912,17.786391129032257,Pellicer Creek
2008-01-01,15.874193548387098,19.25467069892473,Pellicer Creek
2008-02-01,19.047844827586207,16.34982040229885,Pellicer Creek
2008-03-01,19.750907258064515,10.841095430107528,Pellicer Creek
2008-04-01,23.29048611111111,19.511805555555554,Pellicer Creek
2008-05-01,26.58975134408602,25.969623655913978,Pellicer Creek
2008-06-01,29.915028901734104,24.28039128501556,Pellicer Creek
2008-07-01,30.580430814165755,20.75808689302665,Pellicer Creek
2008-08-01,28.793850806451612,15.542137096774194,Pellicer Creek
2008-09-01,27.417638888888888,5.693263888888889,Pellicer Creek
2008-10-01,23.411727150537633,12.687432795698925,Pellicer Creek
2008-11-01,17.980694444444445,20.530347222222222,Pellicer Creek
2008-12-01,18.144926075268817,20.01690188172043,Pellicer Creek
2009-01-01,15.479267473118279,20.227452956989247,Pellicer Creek
2009-02-01,16.046168154761904,19.705245535714287,Pellicer Creek
2009-03-01,20.600974462365592,23.424126344086023,Pellicer Creek
2009-04-01,23.45652777777778,22.324548611111112,Pellicer Creek
2009-05-01,26.023622311827957,15.852016129032258,Pellicer Creek
2009-06-01,28.489652777777778,5.490729166666666,Pellicer Creek
2009-07-01,29.363575268817204,10.357560483870968,Pellicer Creek
2009-08-01,27.702352150537635,0.6009744623655914,Pellicer Creek
2009-09-01,27.631631944444443,3.8559985369422094,Pellicer Creek
2009-10-01,25.966364247311827,21.67445072190835,Pellicer Creek
2009-11-01,20.300451388888888,24.165034722222224,Pellicer Creek
2009-12-01,16.881216397849464,20.02127016129032,Pellicer Creek
2010-01-01,12.092137096774193,13.839885752688172,Pellicer Creek
2010-02-01,12.898846726190476,4.768861607142857,Pellicer Creek
2010-03-01,16.083656216977808,8.688517083480098,Pellicer Creek
2010-04-01,23.77391819798459,15.222762299940722,Pellicer Creek
2010-05-01,28.110013440860214,16.347513440860215,Pellicer Creek
2010-06-01,31.02489353464963,20.413472706155634,Pellicer Creek
2010-07-01,31.715288978494623,18.92956989247312,Pellicer Creek
2010-08-01,31.19049059139785,23.336693548387096,Pellicer Creek
2010-09-01,29.207430555555554,26.994027777777777,Pellicer Creek
2010-10-01,24.138373655913977,27.81374327956989,Pellicer Creek
2010-11-01,19.69708333333333,27.684479166666666,Pellicer Creek
2010-12-01,11.23891129032258,26.996875,Pellicer Creek
2011-01-01,13.48904569892473,22.658033419023138,Pellicer Creek
2011-02-01,17.149919614147912,19.898995176848874,Pellicer Creek
2011-03-01,21.195687022900763,23.284503816793894,Pellicer Creek
2011-04-01,25.32545138888889,23.67388888888889,Pellicer Creek
2011-05-01,27.190524193548388,30.728830645161292,Pellicer Creek
2011-06-01,29.639859484777517,32.3588006662965,Pellicer Creek
2011-07-01,30.931787634408604,24.845362903225805,Pellicer Creek
2011-08-01,30.989203084832905,26.830110837438422,Pellicer Creek
2011-09-01,28.861215277777777,24.19965132496513,Pellicer Creek
2011-10-01,23.478931451612905,21.874763513513514,Pellicer Creek
2011-11-01,20.191319444444446,24.991736111111113,Pellicer Creek
2011-12-01,18.4997311827957,19.924395161290324,Pellicer Creek
2012-01-01,16.271202956989246,22.767523629489602,Pellicer Creek
2012-02-01,18.5,24.802047413793105,Pellicer Creek
2012-03-01,23.028494623655913,24.510349462365593,Pellicer Creek
2012-04-01,24.495486111111113,27.908125,Pellicer Creek
2012-05-01,27.100940860215054,31.318548387096776,Pellicer Creek
2012-06-01,27.590659722222224,12.235104166666666,Pellicer Creek
2012-07-01,31.082157258064516,14.675,Pellicer Creek
2012-08-01,28.397047329570125,7.379939209726444,Pellicer Creek
2012-09-01,27.557256944444443,1.0992443324937027,Pellicer Creek
2012-10-01,24.467237903225808,12.609520451339915,Pellicer Creek
2012-11-01,17.647534722222222,24.592430555555556,Pellicer Creek
2012-12-01,17.44956317204301,20.066532258064516,Pellicer Creek
2013-01-01,18.280342741935485,21.415658602150536,Pellicer Creek
2013-02-01,18.519159226190474,22.39404761904762,Pellicer Creek
2013-03-01,17.802452956989246,22.66266481609993,Pellicer Creek
2013-04-01,24.006909722222222,22.22628472222222,Pellicer Creek
2013-05-01,24.923588709677418,6.685450268817204,Pellicer Creek
2013-06-01,28.619270833333335,4.936006944444444,Pellicer Creek
2013-07-01,27.968634209392505,1.7748815165876777,Pellicer Creek
2013-08-01,29.060013440860214,3.1835013440860216,Pellicer Creek
2013-09-01,28.166354166666668,11.361840277777778,Pellicer Creek
2013-10-01,24.864684139784945,10.814146505376344,Pellicer Creek
2013-11-01,20.154027777777777,16.29954861111111,Pellicer Creek
2013-12-01,18.19049059139785,12.255006720430108,Pellicer Creek
2014-01-01,13.7141065830721,11.8967868338558,Pellicer Creek
2014-02-01,15.95458958517211,2.8464695498676083,Pellicer Creek
2014-03-01,18.075235215053763,7.850268817204301,Pellicer Creek
2014-04-01,23.71625,14.954236111111111,Pellicer Creek
2014-05-01,26.590658602150537,8.266700268817205,Pellicer Creek
2014-06-01,29.209025423728814,19.781822033898305,Pellicer Creek
2014-07-01,29.452824375213968,11.54957206436152,Pellicer Creek
2014-08-01,30.023569157392686,10.663831478537361,Pellicer Creek
2014-09-01,28.168958333333332,11.412916666666666,Pellicer Creek
2014-10-01,23.134240591397848,5.148655913978494,Pellicer Creek
2014-11-01,17.776805555555555,14.148020833333334,Pellicer Creek
2014-12-01,16.949327956989247,10.984005376344086,Pellicer Creek
2015-01-01,14.83736559139785,7.269018817204301,Pellicer Creek
2015-02-01,14.427083333333334,10.221279761904762,Pellicer Creek
2015-03-01,21.489542703429724,13.30551445864156,Pellicer Creek
2015-04-01,24.850729166666667,8.882465277777778,Pellicer Creek
2015-05-01,27.56875,17.729270833333334,Pellicer Creek
2015-06-01,30.474080560420315,20.40240805604203,Pellicer Creek
2015-07-01,31.268790459965928,19.727666098807497,Pellicer Creek
2015-08-01,30.04423937360179,20.339709172259507,Pellicer Creek
2015-09-01,26.705095862764885,6.301614530776993,Pellicer Creek
2015-10-01,24.70809811827957,16.653864247311827,Pellicer Creek
2015-11-01,23.49298611111111,21.904930555555556,Pellicer Creek
2015-12-01,20.982056451612902,21.01700268817204,Pellicer Creek
2016-01-01,14.995228494623657,18.896807795698926,Pellicer Creek
2016-02-01,16.45307222421847,12.437585339561624,Pellicer Creek
2016-03-01,21.852100840336135,18.306420168067227,Pellicer Creek
2016-04-01,24.303055555555556,22.54126432789163,Pellicer Creek
2016-05-01,27.449798387096774,20.65581317204301,Pellicer Creek
2016-06-01,30.205,16.1709375,Pellicer Creek
2016-07-01,32.43192204301075,22.654805107526883,Pellicer Creek
2016-08-01,31.240893817204302,25.04902553763441,Pellicer Creek
2016-09-01,29.340520833333333,23.24763888888889,Pellicer Creek
2016-10-01,25.020833333333332,17.32671370967742,Pellicer Creek
2016-11-01,18.678210590383443,23.43031040779063,Pellicer Creek
2016-12-01,19.26360887096774,22.580510752688173,Pellicer Creek
2017-01-01,18.269142857142857,20.977714285714285,Pellicer Creek
2017-02-01,19.56108630952381,22.70528273809524,Pellicer Creek
2017-03-01,20.936693548387098,23.17073252688172,Pellicer Creek
2017-04-01,24.88652777777778,21.663888888888888,Pellicer Creek
2017-05-01,27.324495967741935,27.33689516129032,Pellicer Creek
2017-06-01,29.332847222222224,17.87611111111111,Pellicer Creek
2017-07-01,31.847102803738316,12.107476635514018,Pellicer Creek
2017-08-01,30.593113924050634,9.298683544303797,Pellicer Creek
2017-09-01,27.332604166666666,5.1038194444444445,Pellicer Creek
2017-10-01,24.164516129032258,0.47651209677419354,Pellicer Creek
2017-11-01,19.913734353268428,8.433518776077886,Pellicer Creek
2017-12-01,16.951142473118278,7.050470430107527,Pellicer Creek
2018-01-01,13.272379032258064,6.590759408602151,Pellicer Creek
2018-02-01,19.927142857142858,4.076277056277056,Pellicer Creek
2018-03-01,19.226310483870968,17.39032258064516,Pellicer Creek
2018-04-01,22.737951388888888,9.383680555555555,Pellicer Creek
2018-05-01,25.859744623655914,8.100638440860216,Pellicer Creek
2018-06-01,27.41625,0.4127777777777778,Pellicer Creek
2018-07-01,29.267372311827955,6.432594086021505,Pellicer Creek
2018-08-01,29.155443548387098,3.0373991935483873,Pellicer Creek
2018-09-01,30.563020833333333,12.979131944444445,Pellicer Creek
2018-10-01,25.947244623655916,8.586760752688171,Pellicer Creek
2018-11-01,20.94103060829136,12.834134056567223,Pellicer Creek
2018-12-01,16.09674059139785,5.797177419354838,Pellicer Creek
2019-01-01,15.975033602150537,5.683299731182796,Pellicer Creek
2019-02-01,18.92724227763305,6.249088202456271,Pellicer Creek
2019-03-01,20.238844086021505,14.706485215053764,Pellicer Creek
2019-04-01,24.758645833333333,14.845868055555556,Pellicer Creek
2019-05-01,28.986088709677418,18.80850134408602,Pellicer Creek
2019-06-01,30.36277777777778,19.143125,Pellicer Creek
2019-07-01,30.60100806451613,14.141498655913978,Pellicer Creek
2019-08-01,30.556552419354837,13.249764784946237,Pellicer Creek
2019-09-01,28.99388888888889,19.87420138888889,Pellicer Creek
2019-10-01,26.584744623655915,19.933602150537634,Pellicer Creek
2019-11-01,20.145520833333332,20.798715277777777,Pellicer Creek
2019-12-01,18.465704252828715,17.21607491221225,Pellicer Creek
2020-01-01,17.350974462365592,15.042977150537634,Pellicer Creek
2020-02-01,18.229705459770116,19.5340158045977,Pellicer Creek
2020-03-01,23.30456989247312,20.69684139784946,Pellicer Creek
2020-04-01,24.709375,22.630659722222223,Pellicer Creek
2020-05-01,26.596942204301076,22.869153225806453,Pellicer Creek
2020-06-01,29.28121527777778,12.237847222222221,Pellicer Creek
2020-07-01,30.924395161290324,12.026545698924732,Pellicer Creek
2020-08-01,30.41202956989247,11.263709677419355,Pellicer Creek
2020-09-01,28.162153846153846,3.929576923076923,Pellicer Creek
2020-10-01,25.558568548387097,4.642977150537634,Pellicer Creek
2020-11-01,22.046145833333334,5.419409722222222,Pellicer Creek
2020-12-01,15.873588709677419,11.84092741935484,Pellicer Creek
2021-01-01,16.282459677419354,16.95507392473118,Pellicer Creek
2021-02-01,17.723028273809526,5.784635416666666,Pellicer Creek
2021-03-01,20.661949579831933,12.06036974789916,Pellicer Creek
2021-04-01,22.64267361111111,10.786944444444444,Pellicer Creek
2021-05-01,26.975806451612904,15.728293010752688,Pellicer Creek
2021-06-01,28.906354166666667,12.862465277777778,Pellicer Creek
2021-07-01,29.935551075268815,9.928494623655913,Pellicer Creek
2021-08-01,29.867540322580645,4.78807123655914,Pellicer Creek
2021-09-01,28.683263888888888,10.408506944444444,Pellicer Creek
2021-10-01,26.127184139784948,21.209576612903227,Pellicer Creek
2021-11-01,18.907777777777778,16.994305555555556,Pellicer Creek
2021-12-01,18.98218594748048,14.888928317955997,Pellicer Creek
2022-01-01,15.616229838709678,16.77342069892473,Pellicer Creek
2022-02-01,18.084486607142857,17.542373511904763,Pellicer Creek
2022-03-01,20.87768067226891,7.449680672268907,Pellicer Creek
2022-04-01,22.714618055555555,1.8856597222222222,Pellicer Creek
2022-05-01,27.551780913978494,13.449596774193548,Pellicer Creek
2022-06-01,30.43173611111111,17.314409722222223,Pellicer Creek
2022-07-01,31.197837837837838,9.127972972972973,Pellicer Creek
2022-08-01,31.240770862800566,14.626343705799151,Pellicer Creek
2022-09-01,28.012777777777778,9.61138888888889,Pellicer Creek
2022-10-01,22.61139112903226,7.325504032258064,Pellicer Creek
2022-11-01,20.955034722222223,6.487395833333333,Pellicer Creek
2022-12-01,17.364012096774193,15.456854838709678,Pellicer Creek
